pregnancies,glucose,blood_pressure,bmi,age,outcome
2,70.0,61.73577828301859,34.94881977238955,37,0
2,149.24478894224663,51.43268583869326,23.429722593119067,29,1
4,138.0106146741689,46.66152024265156,19.67692102333976,47,0
9,127.63779563858837,72.09013890431896,17.37085739224682,21,0
1,120.02446911450112,56.27561398325955,26.13961289454212,67,0
0,124.68466789861,70.9402809533031,27.83180499343577,55,0
9,103.96615340090182,63.26618758585306,33.065274110602125,41,0
2,83.21808147601345,66.84444762158431,18.96744860820015,26,0
0,117.56435619804463,80.62133682785014,19.716156682134283,49,0
0,105.77274931563083,65.4366417824228,32.73876471137676,29,0
8,126.14410404616778,84.21738704255824,31.76643204127266,30,1
7,77.01810933067316,49.12005494217985,32.1750963769247,69,0
5,84.39827403091132,71.44650578190235,40.881519943893935,37,0
1,70.0,78.20823907085506,37.63106321228769,65,0
2,136.98605987961585,57.278519509911526,16.597768714978397,39,1
1,91.40494962586871,75.75957328820293,23.31412863617214,47,0
9,152.9449602321166,56.24260292205946,35.08782200737686,61,1
4,124.18619841104743,63.89915375430124,33.009607713305236,61,1
6,140.5914981461225,80.87727099072612,32.49351374473086,54,1
3,120.56186965253758,81.5962478376629,28.211131007745873,40,1
1,148.4852367843262,78.52661509384231,15.373530047552752,33,0
5,148.15536885388028,80.42496851165312,33.98822006077852,26,1
9,132.0266506337326,74.89412006270028,26.089172200561155,69,1
3,97.22953054551002,74.2381528916019,26.870449388933288,47,0
8,134.01442102334528,61.405032925135814,18.41906819508232,52,1
1,70.0,60.26101632886113,28.105134586160027,68,0
1,95.31762422845766,68.58442374946928,33.10079358051841,24,0
6,147.85672766966158,54.41797257996166,21.9908504173772,48,1
2,130.93604683842815,80.22167620535929,28.516390755208203,46,1
2,88.34103406745251,59.68684822990613,22.120833724424852,65,0
2,70.0,65.49789573411263,29.75316685409444,43,0
3,150.3717758459811,58.27431219082047,21.013791139741958,40,1
7,139.99716286143757,106.03039422753184,22.34106122833629,33,1
6,163.65644693311035,68.87283749784974,15.0,33,1
7,144.3166360796289,66.24297941512134,29.423120604983524,37,0
4,138.83078241788954,69.89435801612896,33.45285798430801,36,0
0,113.45832071038569,68.03626040845376,24.043006565206426,49,1
7,90.23052394682315,41.51235418126799,38.98145022871994,65,0
0,129.75530622397315,79.34964709981905,22.19688156239146,31,0
2,73.82992341793192,51.497978480798416,33.128545525103576,33,0
9,134.07120680164226,76.01788324490335,28.04807778457326,68,0
4,112.5354668411973,95.83192908527455,16.57209117905535,22,0
9,94.508969751824,70.46900315873012,19.973346998353676,39,0
3,88.82048301421229,77.86544120879365,18.35609458818203,37,0
9,113.47696619729179,40.0,42.12535574683267,58,1
1,98.20009239145509,74.24949127660236,26.562990359583292,53,1
8,150.01060761010922,57.69484263203957,42.72664264489187,63,1
6,140.2826540542449,88.50530382064053,29.567686946628143,49,1
8,70.0,72.68911906640027,28.82404852166637,48,0
2,138.0834258026843,59.786690769413774,22.781685555565193,69,0
7,115.43791989044772,69.97674241246146,24.67006315388162,25,1
9,105.95170849337208,82.41775143943627,15.0,31,1
6,82.87106214580663,69.70564771284288,26.007218750291916,30,0
9,76.54745691678072,66.62280208974968,29.283101484734953,51,0
9,154.54927700450486,53.22052857701789,26.568815142203427,44,1
0,122.58870374257488,83.6950033041145,34.22941432795618,42,0
3,113.77908874794079,40.9395652528531,21.445979573152595,63,0
2,176.73879952257005,67.53155393487108,28.456877367397873,30,1
1,146.47230492505835,60.243804479350096,26.465907862008567,22,1
0,70.0,65.44696021634203,25.92612789543783,24,0
8,117.02819086264587,74.44942479514263,15.0,46,0
6,110.15152127071198,82.00747362648958,19.466197720765486,57,1
0,70.0,97.17062542997472,31.65570576873607,62,1
0,105.83669618425338,82.01404959444193,29.514218170979504,39,0
0,103.94832530699503,71.80749938183952,32.61566410330866,39,0
4,139.02246859762695,104.50615128170455,27.541166752532966,56,1
3,200.0,82.19034138465993,35.191950747371415,69,1
6,98.09024744109598,71.01247803812514,32.67222547147519,55,1
3,118.05802645958141,58.021820265907266,42.07006502510001,39,0
9,101.88632221821216,74.56189256004714,15.16661184845497,68,0
7,91.35340240351631,80.52059597258834,22.78651055291431,59,0
2,165.01940146916104,91.15852007507738,32.87971999135791,69,1
9,127.47706485499785,84.34660522521433,20.063290834391818,23,1
6,164.72743902333576,50.081228924690905,26.463893318485958,47,1
4,72.46050811468265,65.44253728020676,28.02662153286231,58,1
7,101.35968942228584,91.52772323785078,27.555877552390978,34,1
6,162.1969827283493,89.31973710702907,30.855475122599998,41,1
2,137.08154277825622,52.64883662422077,22.863484183502454,44,0
0,112.90038231154466,88.36876656439215,33.40415093402396,42,0
8,120.96918260656744,69.5366854664263,15.0,49,1
8,154.85132828384747,54.600388978964034,15.0,25,1
8,129.64723052605927,84.83324105963527,27.421465504732677,32,1
8,70.0,80.79755936307086,17.909625568731556,35,0
0,70.0,83.68652873888749,34.11218601485426,39,1
0,70.0,60.738300813113526,40.24706913690749,27,0
8,137.6925633714022,40.0,30.2799515046924,38,1
7,104.82223856298535,62.466164257088145,21.185872810203666,21,1
3,70.0,66.05017146079054,28.559953663914005,68,0
1,154.35415818555285,68.4191211184401,36.31702014294889,29,1
9,131.57451949723762,96.71243819449964,31.75720536108723,57,1
5,70.0,67.16654968323287,38.318392367416564,25,0
9,151.86974428298782,76.78802337732002,36.7069705281042,46,0
0,143.8918132760001,40.78174730018256,33.47527825569032,49,1
1,122.59721748300544,53.328804817983475,30.37170220567516,63,0
3,119.48486094777722,45.505715791870244,33.35773149919304,30,0
9,111.97090890443766,69.22533767252372,21.04073935318749,57,1
1,130.9851687214547,70.5788791034055,28.161971061687176,26,0
9,159.51743031373,66.56525707764631,26.66266617037079,44,1
7,95.37329779757438,68.71160125423313,24.582621019374272,27,0
7,167.11154726126512,60.30205718211344,15.226931671694826,38,1
3,111.62874668894409,60.95014652167431,26.203884488724785,23,1
0,103.35150282109892,73.52799743282051,29.425704594251687,47,0
1,92.95665002042853,45.98471053447372,36.907412126191176,26,0
4,73.82282388019081,87.13489681807528,24.25070663102212,38,1
4,70.0,82.4268177354266,24.933231230294837,47,0
7,122.01159010585039,82.10939687216626,29.855392313882184,65,1
2,156.9365848791245,67.99630238042177,27.27883759021949,65,1
2,121.67839175990869,89.68612932613948,15.0,38,1
6,143.52900495448202,74.39903971200255,20.242848281664386,28,0
8,123.14846518443764,59.68093918804259,18.11224965605298,68,0
8,166.33561813255247,73.90994249725611,15.0,48,0
3,106.4175783570905,74.14853728892392,25.185532788383306,21,0
7,149.799073233259,88.21763927958023,25.874369332882026,55,1
8,70.0,53.65610352558021,21.23581329964407,27,0
0,146.6087883122376,59.49826190192488,21.95234145005436,21,0
4,78.78650721537723,62.08796014579215,21.249170217718152,63,0
4,126.94954270137022,104.33023103196508,19.791858738030804,25,0
7,162.810983270701,74.21769343404179,26.05126180432315,22,1
9,110.86404613636216,80.2039806894322,38.185148559342146,49,1
2,123.50334049028945,41.30340362231462,25.85183195918839,45,0
6,125.78180330422019,97.6993975124571,44.03618746855133,58,1
8,117.97332824317753,72.5259278871287,29.482719552821344,54,1
5,137.1991598456824,56.61316240964645,32.33948432677063,48,1
3,156.69858284776603,77.54350607371204,35.87911439728241,21,1
2,102.04799687600045,58.26973544638589,35.53302418848009,52,1
8,159.2648616299397,48.83763252868187,22.798060146624113,69,1
9,70.0,70.95935180366399,21.88613256138534,28,0
2,88.45471634673662,63.32525017939211,27.59411236797436,45,0
6,175.3713364037323,79.66402239263952,20.150335533476508,25,1
0,70.0,87.52326582725297,34.663722544568614,30,0
0,111.95421499937646,58.61439329187027,30.670769938125318,21,0
9,138.44280944211266,63.83603265551224,24.026059510469203,53,1
5,107.3502006200558,84.44448293671195,35.20077827487474,25,1
2,70.0,92.71776343884372,21.24151409919661,41,0
4,118.25817216228204,66.68330357067248,26.90924967969628,21,1
6,181.76404269919516,72.55745852560646,15.0,40,1
9,178.10479337068847,67.07582187356563,28.361384636978457,22,1
4,72.74130558200113,98.29921969134115,28.833128842377825,60,0
4,174.294199915654,62.060526436806704,28.664956259494133,28,1
9,151.2343786935324,67.98597844963734,30.969639817983293,67,1
1,144.50850336768468,56.85521998038728,32.43073226056879,64,0
7,107.81954197961065,77.49290477643113,27.127675426669093,42,0
3,183.56307265853354,59.677604648495915,28.677249264713815,26,1
1,156.52410682502938,59.382209848852256,23.032993949327427,61,1
4,125.53895933336786,71.21915264150542,38.03395693877618,65,0
6,109.04417021242458,61.30805088894895,37.78058495791134,26,1
3,135.632390603098,71.32970046097019,16.51813352542279,36,0
4,118.34573715798467,69.3986723101517,26.310099127058557,49,0
4,70.0,53.84964746162305,29.789015575986582,28,0
5,70.0,60.39259847846223,22.630618454005266,30,0
1,86.72606730081355,83.50342988372854,28.478594405171826,26,0
7,98.93109623862654,72.54540688528029,35.3507741727624,57,0
0,129.43842750889746,83.502654803687,18.913111804617586,42,1
0,96.28518255432024,93.75197538076141,31.696478574223644,21,0
6,116.19799675689005,74.1326584352238,24.861338466622826,38,0
9,140.4330131654702,80.85420428766669,33.292373254550526,30,1
4,155.5086442440554,76.05085035031117,22.469535724053053,61,1
6,80.13003949935411,56.72254751500228,21.625073238546875,48,0
6,129.57520910985198,66.21429934803325,35.70418324732917,25,1
1,138.33834334877278,61.98777475467855,26.821842362265514,44,1
3,115.98045931809418,61.991363480248,15.150396569965743,35,0
6,96.60593110938561,60.23929693982366,31.669852743502183,37,0
0,84.78594374207765,78.35231261162497,43.312421805619444,68,0
4,155.30110324470925,61.59327772765714,29.88062998678641,36,1
8,134.13371955377568,72.08823112967355,19.31957795270591,45,1
5,99.41696107899065,45.65431159801382,36.58483600709269,22,0
3,70.0,96.98907362528499,36.42178852501563,47,0
1,124.4730944078374,49.518069667117295,29.34564334936662,58,0
5,148.23076367697902,59.06902477938395,29.960849722786143,68,1
4,106.8206572142207,70.45467486241513,22.557226721085158,65,0
2,84.28658634582459,56.001798885316035,27.57269602171003,52,0
3,84.86847379528203,74.53674571540186,29.86120408641533,34,0
9,153.77552363721304,67.97135656551953,38.83299066520249,23,1
9,103.57982979317728,61.54526458860486,27.788990113354043,26,1
6,114.49751373224422,99.19814256272149,37.01127073106498,26,0
2,125.97079712533021,103.34043443702612,25.20621703458075,54,1
8,156.8057564235083,41.318452583727094,20.899067859824,59,0
8,136.09751590377505,75.92964193687726,32.469625024161395,42,1
6,152.19396285516822,61.24963041658978,28.55227267618956,23,1
2,134.63883941751,87.49822886465509,35.52623154967921,67,1
8,139.31522793583252,76.25785696573847,35.89150770222331,47,1
3,154.01379415604575,77.6163650546725,28.427809265571714,23,1
4,127.26262198056976,75.33325944511529,21.40204225989854,43,0
1,81.92766726583834,56.877694298858216,36.01772431983147,25,1
6,118.98762905387956,67.58642637926211,25.412901297580042,54,0
1,70.0,86.36569153247001,35.26872129014228,59,0
8,107.7223764189496,70.13937628796369,36.79941969682365,21,0
0,142.70227171523362,51.19977710317171,25.229198534878364,45,1
3,105.04072201426835,65.87015164741855,30.641454919342607,42,0
3,153.16659281814933,55.74477725347398,29.610066666339854,26,1
8,189.12595737707733,52.104100676346455,41.69944548379149,46,1
7,114.24125196826063,79.44120377330181,20.3378942231295,68,0
2,70.0,51.313509113504516,27.68481224019793,30,0
7,99.03764612042325,73.98847719720773,27.803412940849142,41,0
9,166.05182778987557,106.97316453786524,39.00970248642027,64,1
7,163.63431577853555,40.0,20.556185954003343,57,1
1,153.73476115503766,81.20747836389373,22.54593843650192,41,1
5,170.5518577193634,68.33899856378956,31.537968652516895,37,1
6,120.86247344500045,71.89673534235193,21.850620144163507,63,0
4,70.0,61.078356181665065,23.457602831092508,61,0
3,135.47408328597155,44.720335918570896,23.69658994390157,45,0
8,78.92504275457561,81.01673550231482,20.769915399890625,65,0
0,145.2889028101527,53.532064624761645,33.939934241330235,24,1
4,137.3234431146534,58.736416753298286,33.67043612836884,43,1
5,157.81609541518725,66.09252157091916,31.29684952594746,40,1
4,114.80070082475326,50.60282014530763,16.755360960735736,35,0
7,100.43410773681501,74.7883501329332,29.688666963587437,23,0
8,82.95651090035318,73.59216192558844,27.870093959637526,30,0
7,84.92836467299429,79.53095398322345,30.218855924413845,28,1
2,94.07086572113042,62.10882951682062,24.290435613762575,58,0
9,137.8603736353813,60.58107269869076,40.383816901843005,25,1
8,143.9624770544309,94.46688778422808,29.050952814599693,67,1
1,83.13594477742514,76.95958424385188,30.864808713180697,36,0
8,76.57759728093502,73.38014130533601,19.49878503473137,39,0
8,139.76453718876544,53.03460412762085,23.676543734240273,68,1
2,96.58076216105749,90.8574967186112,23.815341294602483,56,0
0,110.30854060712676,73.70616066709455,24.054098774594692,69,1
3,173.9479848921364,89.75917340096778,32.21734046607637,37,1
5,92.05463334040311,84.84054157423196,35.321277008471085,59,1
7,89.45792804201463,81.18701876590606,22.017289385200083,30,0
0,137.53616702310708,89.48216987270578,32.26025209649718,63,0
6,97.09693288604446,76.72585440423792,15.0,38,1
8,144.7700439437367,75.321677232553,19.809876445807614,33,1
8,81.45618333035108,74.85700191408918,24.174448238438718,60,0
2,168.85061775749975,86.09631018115469,24.435633316601752,42,1
6,95.11948243560656,67.1183342091784,23.365084081726806,60,0
2,116.43176706320503,86.6158067542255,36.04113438050607,56,1
2,200.0,46.709093982759434,15.0,47,1
3,133.65886441440998,58.42557516374683,16.065850121073733,27,0
3,182.37572664876276,46.94578059960519,34.448733794372416,24,1
0,140.65961166716258,74.01626836546693,24.20339374992843,68,1
6,129.33031913432276,60.62815679598921,26.47374885261246,53,1
3,70.0,66.07900112567316,24.312711971415066,68,0
9,151.42609885661196,64.4675465561119,26.559906864204187,63,1
5,85.97060082965749,65.45037307096078,27.36181616310669,47,0
0,91.83245791688863,75.38814100686761,35.02596666667475,52,0
9,124.02015138748635,54.52635629694763,17.877103772078865,54,0
9,128.48167901290893,64.45717574766655,36.13353669419267,36,0
5,107.72614652424244,63.421191906140564,20.312981653784075,26,0
5,70.0,95.9025076332814,33.91921060126866,23,1
4,70.0,61.434929205406405,44.90353699061042,37,0
4,70.0,86.3351497267716,28.39909195459736,24,0
6,141.65316858984764,83.82024404479745,23.843118864273528,47,1
6,92.93712603415119,61.16854695689806,33.34513770433899,24,0
3,70.8194027172439,57.96260900182529,28.211335510471084,46,0
9,96.94309109765251,58.05339728410631,38.44343752441691,40,1
0,100.6573979328548,81.27063980613919,26.736571477478563,41,1
4,163.72206186206367,55.354370930749425,30.31045500568835,24,1
6,108.83300426267799,78.63203001241645,46.81274055987872,43,1
0,105.73889518276572,60.98539055494958,33.45463824019526,55,1
9,90.82543544522566,91.8579363993437,25.074255473129487,59,1
1,110.12225838544762,68.70792331774955,46.642276450838764,36,1
7,116.11738225296715,107.0841919340899,27.233154959715574,49,1
1,129.37099329961416,93.28842723234463,28.643053219539457,66,1
8,191.65896223955832,73.06824094136118,22.621445368801496,22,1
9,162.16222754015388,65.91406044250286,26.213236405284228,54,1
5,70.0,70.75803723391009,31.70270555474764,45,0
5,133.12422784188982,57.39577854014306,28.265033405062653,23,0
0,96.99683386588771,54.45136125465554,17.22233436508676,63,0
6,157.2599037309345,46.01295270329481,31.605298712933315,40,1
8,116.87725885422154,102.33614744810185,41.239714946852374,53,1
7,70.0,58.976343782833005,15.0,31,1
0,89.41090581802162,40.0,28.265653054033123,43,0
7,70.0,87.21113995287409,32.69153928094137,37,1
3,70.0,67.03697161454548,33.312570200853635,26,0
9,117.36437208357069,59.715845783772885,31.383978416802222,62,0
6,142.87719914673633,86.28799512801709,36.57592643717512,40,1
9,87.08551789012341,78.99391169922241,25.515089011206985,68,0
8,103.19538463064522,77.20089370130025,26.336134127172514,30,1
4,115.80521782220404,91.680770343744,30.432712633106522,62,1
5,117.42361094728328,65.96220802477916,35.12250860358927,61,1
2,77.74114589237689,50.780534897847176,29.323647456873363,56,0
3,108.93657460472156,93.52157192077314,16.61576452226891,21,0
0,110.58169467248673,81.29988640565863,22.848990854740155,56,1
6,191.92824130175154,67.64904402666211,26.60329928669414,47,0
3,137.58458212654597,63.18715662532726,25.405866338492835,37,1
5,123.52860977889182,50.762520683177165,34.29625479803772,31,0
0,81.25134408899925,81.70117269574874,33.45696709068267,52,0
3,200.0,56.93299353943725,30.60704252887549,31,1
5,152.53188775706695,40.0,24.279101439298604,48,1
9,157.1773447819799,88.21718700861021,36.27717678623713,32,1
5,148.58444811997495,68.67486011486358,30.94965867768658,69,1
2,186.0389839243483,58.41543962010287,15.0,69,1
5,74.16227484958355,67.54058680597119,33.442718685704605,54,0
1,147.77802796931238,78.90143759790413,30.34525987683727,29,1
4,107.67394557401433,55.08840650436711,27.05321972224415,38,0
0,128.4007958189766,62.280376761727794,18.168050200512507,49,0
2,143.59981640613714,51.7818476541039,23.147692209345067,46,1
8,129.0786258149893,97.17970186202308,40.38903694473876,43,1
4,124.45779174880046,100.05110900773157,28.880928787335503,24,0
8,157.48487635218393,53.488310757449725,36.23322573667944,35,1
8,70.0,74.27334838858299,21.73955061127218,61,0
5,114.46644784754305,70.23530070693403,25.467658518142304,53,1
2,89.0677773897506,52.434372187362186,22.10080186989541,53,0
6,70.0,70.88713183408633,33.14013272893048,60,0
5,128.7585376400777,74.7157524108227,23.04198076178836,41,1
1,147.33756436657583,86.56073704725031,24.563437850900442,37,1
2,115.33096997379596,78.45018193757537,36.09967469824771,60,1
9,137.49081670392385,40.0,25.130276473030587,22,1
6,149.79739926101786,40.0,28.229071440784953,21,0
0,145.02524548303992,53.40537728157487,31.37766834180014,48,1
3,108.01919764814602,73.1739245557059,27.96221836546926,63,1
6,74.90434170849363,78.1016906752469,30.043032334000106,32,0
0,109.2649260237364,54.56988500306374,25.294662979236183,68,0
6,70.0,97.29359570047984,28.724808970475753,51,0
7,153.90181047065474,89.48107755915694,37.14178942129032,59,1
0,113.29635116303476,68.69732834304712,28.04067390979715,33,0
3,119.88464278854262,110.0,28.94881214511041,30,1
0,138.64082882796927,63.325813598129926,22.77045344488851,26,1
3,166.9459171895047,62.393381588010875,17.863605395715172,24,0
0,138.47176663260814,56.653808473201465,36.49321486429949,34,1
5,131.3136017018143,71.82257517102573,15.150021081712856,44,0
2,119.81322352071679,82.94650339255946,30.90288970111621,49,0
5,107.29649523609524,63.52306317039691,35.37528679470562,56,1
8,109.82576921891349,69.24365722417768,33.326333202098354,68,1
9,124.7244652286891,87.36722263036015,28.021588887775188,67,1
7,137.8282340717637,90.96122054590558,24.922879022777582,25,1
2,115.9893394892211,41.56052738039067,23.134694378951824,29,0
1,111.2457089623921,56.94141075607366,42.73641680845607,57,0
7,93.33927794952632,78.54925458012073,33.254107976850435,65,1
0,81.59289460016696,59.021843715546744,29.066208595036368,55,0
9,115.20227626353514,83.09737822928723,24.02300369115966,44,1
5,94.65993711884954,75.10900028649787,29.770557699855562,41,0
6,70.0,64.42430645060648,19.169816164414236,27,0
7,70.0,88.36940630839499,27.072383243206726,42,0
4,91.63229535572734,70.72577677428706,31.820720221934106,38,1
4,92.6109703167932,89.71014211965849,15.264844499346935,23,1
2,107.03868209909461,44.517262002945316,22.80595705039652,60,0
2,123.34671560612874,67.61164182854935,29.003374173243618,24,1
9,128.84644276382602,66.45467894366506,29.602876975427545,39,0
4,148.6469657123489,52.13064791068291,22.258310693859087,45,1
9,70.0,62.59805775453976,19.13561646062007,57,0
2,119.4998839013511,69.78970692613618,29.572380497723138,58,0
6,146.36564941771772,97.91973395854592,15.793063183569714,54,1
0,146.15788110641304,45.24263184943357,30.085875654642162,28,0
4,83.85798258379968,86.89175539023071,23.454680816557243,56,1
7,91.4575324349029,52.66647927841424,29.340646747061754,49,0
1,102.96499263850377,46.57289707906793,30.537995705185395,42,0
3,149.16283571672597,59.43568437713216,26.945758563942096,54,0
3,160.36358152499596,86.93986656309251,31.579908506509675,62,1
8,129.83375123213696,57.57709028101355,15.0,62,0
0,149.82862711605938,61.20153880655922,29.44706833071496,59,1
5,145.96870557853129,77.87333167995925,25.012700181823522,51,0
3,118.91646122771994,70.80982627668689,31.457663103956044,36,1
2,70.0,58.76231139056305,26.22721562982353,69,0
0,90.56819206832508,60.664327075137955,20.61229088035259,68,0
5,165.53683516068048,55.23591437061245,20.208619010554017,30,0
5,176.7186705808057,64.4916367606751,17.32835099366578,25,1
4,173.06816630268636,75.89894727075516,23.02467927515575,38,1
0,90.99956801434426,53.85009237733502,29.908884554709545,39,1
5,70.0,88.40575089955227,38.37415745531054,38,1
8,116.84203175803266,84.64575930193155,38.64978948482346,56,1
3,102.15498478750088,79.62531155731975,17.21444870298393,54,0
5,151.01222460861536,83.99318626492932,37.16631027445499,40,1
0,100.91907802338547,80.02611941413548,32.552672521048876,65,1
2,114.47966146110637,75.58197086639741,20.227203378927854,63,1
2,75.99308948499043,79.35323285352456,22.28517209729271,52,0
7,132.62724486356998,78.29609914660719,25.535908476025682,51,1
7,121.64204022325906,94.35094843448569,38.71926621205628,37,1
2,123.45610221730671,73.76958461209571,28.038447851703754,21,0
6,140.3357703453095,66.86559269001954,30.733660282955007,50,0
8,137.06856462231528,65.62765031509764,24.389980510468984,22,1
8,89.38176501893544,72.40714310498268,27.261289635983847,67,0
4,70.0,65.55974159005153,26.962439856857607,25,0
6,155.93029462932273,110.0,30.222303543117633,28,1
7,114.19969313986847,78.69163859300892,33.90360835509941,24,1
3,150.9435292795713,74.92978240559813,29.340548571549114,52,1
4,130.34171335481142,67.31482049323772,25.931211318974157,24,1
0,156.22223244782097,75.88126794551304,23.184462932139756,65,1
7,139.0219103537322,66.20971467998554,15.329773177091946,43,0
0,123.12878717009772,69.70096907131284,24.73027615246457,49,1
6,119.71026739074827,77.17134994941183,35.40939180471227,58,0
9,128.4882148964382,69.53591504266564,35.024965921283,30,1
0,177.62390349379908,52.181307870369025,29.67703578254246,32,1
3,99.60197895054509,59.330520628591934,15.862115294078531,52,0
3,107.31127412152232,77.41665121125428,26.41617390178374,21,1
7,160.04473209157464,73.10640793349427,23.21228348740632,25,0
0,82.52976721129914,43.93405367423061,20.26252677713046,22,0
7,127.59013629440284,91.89240405075282,29.01407365260289,67,1
0,125.94052495366309,63.186335872701065,28.58185725959676,54,1
2,80.38643502535564,48.99238059587586,28.118235013697387,67,0
3,164.45439413015004,60.672725492404126,28.408457029998342,43,0
2,130.58219016160749,75.36888593037654,20.759390204534814,58,1
8,126.43591731668052,48.4657175767984,21.782964729908365,21,0
8,173.60910804343203,40.0,30.555877883881074,62,0
9,117.18544792018525,71.35064256479929,24.160922297211073,30,0
5,100.24050488556487,80.82199410677612,29.371825237052217,49,1
4,70.0,54.34040740002612,27.905697248343895,22,1
0,89.5421865249771,56.09930346261728,28.978438788363647,55,0
2,112.77014910490348,76.0265692383786,23.449883319306828,58,0
1,160.84860200342726,73.15705812295727,19.910621628317966,45,1
7,115.36951946201381,70.56490349751907,24.852967732423032,26,0
7,80.10859501451529,69.96874303869724,30.399706136818367,57,0
3,111.65273214155796,74.61431133176578,18.7827580722456,31,0
4,120.11951629124437,57.46356797468637,22.670147197006365,53,1
4,141.98490047182344,70.50188156488454,32.456174280752805,67,1
9,166.70559743024475,100.02605653795203,37.578953681308725,64,0
5,79.85644799432963,81.57158487873735,27.247086076987642,57,0
1,147.00733522554677,93.0096718127435,34.29394999581244,67,1
3,127.00470467106979,42.03502707536358,15.184620861235938,42,0
5,200.0,59.75511504473316,29.501155837801488,47,1
6,108.28017046683604,100.90837924924078,29.345978720793287,28,1
2,104.11894920122454,74.14815500339,32.09152251283516,27,0
2,176.6864254403059,55.99416620889666,30.95179127785111,40,1
4,70.0,63.45919768525181,28.577588895262327,40,0
8,81.80133469472854,88.09230093505887,21.73967163838106,68,0
8,138.49108133706318,78.46604481839898,26.687261159615886,24,1
0,173.3325593567833,65.09678830480523,24.511463254652874,34,1
1,109.36474475991756,102.73760536265631,24.42694763301123,63,0
5,92.03113002111571,55.13961417043445,21.393045062033977,32,1
2,111.9480247541266,81.67163779189026,39.0467476553806,31,1
9,139.4381885882418,82.56344055037559,30.346670809489638,42,0
0,70.0,91.83428035121675,16.429569115127812,35,0
3,192.84601298677995,83.17965264589064,29.683298745311447,27,1
2,70.0,75.6142008336596,31.649067034170294,64,0
7,125.8130846377853,68.55056640065169,27.776570537496465,50,0
3,148.62134435566173,103.21377285193414,29.346050846993272,66,1
2,80.61033472885889,76.93939503071654,46.74676911546875,61,0
2,155.29822886725037,57.742218000865066,26.088861674917865,61,0
4,110.54288384628616,69.49470209636927,34.200621963212036,61,0
5,134.43996388254428,63.228855135990415,26.74552667762228,58,0
2,96.7636080258667,65.02815553413042,37.587961445788466,46,0
6,104.58234043942662,55.922981346912266,36.362719010296146,61,1
2,153.96833370046238,69.66095365832771,25.793146090309175,31,0
4,73.57113443615845,66.41678878200103,23.003723006105446,24,0
9,131.93227694956337,72.93115427494949,30.65637440015855,68,1
2,89.03144203287053,55.46200584529351,38.353552813840324,48,0
6,151.0281094399169,63.1776952616732,27.056619946194168,42,0
6,105.52920664138051,76.73842652379618,33.83962866018113,46,1
9,134.29793219320993,80.2305167506589,27.708234383270746,38,1
4,126.29458965548207,40.59762987559252,44.332710829997104,61,1
3,70.0,68.07238778716291,29.78691371189494,67,0
8,129.7915072425348,89.34634792563061,34.22063927485672,61,1
6,149.0198539604844,50.55436121104237,23.957289345447123,56,0
9,123.33622824317017,69.5516428914655,47.01162600619018,43,1
9,105.98665239358387,57.05641991874252,35.70809033573101,37,0
8,104.4376854614026,65.48643970957961,47.11607063256497,36,0
8,157.9263378866915,86.13149594657557,41.8718426448002,29,1
3,153.26759643489186,73.08529562441026,30.752884564291552,35,1
4,142.15295718277127,81.99248880256222,31.147591346380953,23,1
9,165.0441237347358,87.24129592395572,31.36102295355659,59,1
7,84.75187224928086,64.70475914911657,34.32745925515799,36,1
6,72.57297155687237,77.18308245897754,31.96938862171672,64,0
4,83.51302940205015,55.286238355595536,24.757117310374174,59,0
3,136.81967375937614,75.08080754304453,39.215772579248366,65,1
2,128.30635346659102,85.07713859917027,28.98579898569425,60,1
5,76.95457176157149,87.97962057986577,15.0,26,0
5,145.62432625665753,64.75581719833295,34.92068418550602,66,1
1,153.80727027858566,61.31555117208744,26.458637610944297,43,1
2,140.49262113005028,89.66738329477158,23.590663216971116,40,1
9,152.65542491359224,85.70380191475019,24.9534443703956,35,1
4,133.42648838358699,46.98552060423312,23.34160209716849,61,0
2,125.42628182584315,48.89283960677625,36.198720525250806,56,0
9,91.10453049438887,72.21548987840166,31.91614353196526,21,1
8,108.82239973632196,85.9360226481268,19.85767377262453,42,0
2,148.80867415107525,46.19782426607367,15.0,42,1
5,70.0,56.475988809466415,29.40456262768981,49,0
6,162.01440419446894,67.40447681954623,32.91684598405746,50,0
0,200.0,71.09495133960036,39.09952545020013,52,1
9,129.90612718883258,83.19388881979549,22.655980618949965,64,0
7,141.26300145023265,61.398432676866435,26.34261977925158,27,0
6,70.0,49.89170229994258,22.828379918888448,35,0
5,95.34354637891646,82.54485584493327,27.678209944579983,60,1
0,86.94709278599316,75.30224358923,26.159148373535253,63,0
9,83.92488740194669,75.32533681632275,20.376439186965367,35,0
9,98.19953262518507,57.795319659104884,21.36755505518358,56,0
4,111.08125560696723,78.73593939976094,26.870590518437446,34,0
0,191.51621713888068,44.72821907769307,26.446973673432858,62,1
5,134.7589723369291,91.82215967487613,25.759356133389268,46,1
3,112.10002233507333,72.71674765316591,38.83599827746813,67,1
0,154.07451066320434,59.48752481700872,26.6396791820577,28,1
4,168.50661624518847,82.0435242721853,21.796457594734157,69,1
2,70.0,55.502244610975104,41.72483890512733,25,0
5,145.11570529275676,69.06014565696333,19.069175394010433,37,1
6,70.0,85.3528228369849,34.19224752903885,64,0
5,142.16436258062515,72.55447543243591,27.71181366161215,38,1
3,147.92077101025222,45.34388926617913,23.47960054554402,66,0
8,152.65488249276987,74.16974597114063,36.645852753639694,47,1
9,102.64108337857353,88.20597156588764,23.616669774449036,54,0
7,115.69810427069908,76.0243825823721,26.141172133871034,44,1
